id,ts_end
0,1678988223502746663
1,1678988224502688557
2,1678988225002933790
3,1678988225503309008
4,1678988226003684213
5,1678988226504040649
6,1678988227004409304
7,1678988227504780871
8,1678988228005133670
9,1678988228505497181
10,1678988229005872833
11,1678988229506198519
12,1678988230006556901
13,1678988230506918801
14,1678988231007417988
15,1678988231507737057
16,1678988232008094343
17,1678988232508457105
18,1678988233008847523
19,1678988233509180462
20,1678988234009572686
21,1678988234509943711
22,1678988235010311179
23,1678988235510648063
24,1678988236011052306
25,1678988236511426800
26,1678988237011817584
27,1678988237512171312
28,1678988238012562119
29,1678988238512959348
30,1678988239013344092
31,1678988239513703696
32,1678988240014063842
33,1678988240514415335
34,1678988241014800402
35,1678988241515165890
36,1678988242015563693
37,1678988242515923515
38,1678988243016323321
39,1678988243516700196
40,1678988244017082474
41,1678988244517453929
42,1678988245017798369
43,1678988245518152580
44,1678988246018561402
45,1678988246518914047
46,1678988247019290834
47,1678988247519674347
48,1678988248020059237
49,1678988248520420133
50,1678988249020830326
51,1678988249521206009
52,1678988250021555736
53,1678988250521900314
54,1678988251022279872
55,1678988251522620195
56,1678988252022986731
57,1678988252523381324
58,1678988253023761018
59,1678988253524121750
60,1678988254024583235
61,1678988254524891767
62,1678988255025236044
63,1678988255525610184
64,1678988256025983618
65,1678988256526323568
66,1678988257026708654
67,1678988257527054767
68,1678988258027473794
69,1678988258527835092
70,1678988259028243318
71,1678988259528599983
72,1678988260028969384
73,1678988260529323479
74,1678988261029741240
75,1678988261530078762
76,1678988262030463499
77,1678988262530813663
78,1678988263031215702
79,1678988263531596521
80,1678988264031977163
81,1678988264532335291
82,1678988265032721799
83,1678988265533058437
84,1678988266033454673
85,1678988266533803703
86,1678988267034207509
87,1678988267534532780
88,1678988268034902423
89,1678988268535261667
90,1678988269035749735
91,1678988269536083844
92,1678988270036465550
93,1678988270536808671
94,1678988271037174146
95,1678988271537520555
96,1678988272037937020
97,1678988272538255156
98,1678988273038626343
99,1678988273539005032
100,1678988274039399463
101,1678988274539688818
102,1678988274790053329
103,1678988275040440150
104,1678988275290804560
105,1678988275541172195
106,1678988275791572027
107,1678988276041960521
108,1678988276292336932
109,1678988276542653798
110,1678988276793068143
111,1678988277043447060
112,1678988277293798525
113,1678988277544187061
114,1678988277794548276
115,1678988278044949141
116,1678988278295339854
117,1678988278545678392
118,1678988278796101038
119,1678988279046412731
120,1678988279296840856
121,1678988279547154990
122,1678988279797552080
123,1678988280047928304
124,1678988280298288503
125,1678988280548685010
126,1678988280799010154
127,1678988281049434890
128,1678988281299803369
129,1678988281550118095
130,1678988281800554894
131,1678988282050881382
132,1678988282301284359
133,1678988282551649601
134,1678988282802023031
135,1678988283052417046
136,1678988283302771828
137,1678988283553152446
138,1678988283803534451
139,1678988284053894477
140,1678988284304301032
141,1678988284554609816
142,1678988284805041155
143,1678988285055405472
144,1678988285305776739
145,1678988285556164315
146,1678988285806149411
147,1678988286056575850
148,1678988286306888745
149,1678988286557269146
150,1678988286807711825
151,1678988287058033135
152,1678988287308423157
153,1678988287558751977
154,1678988287809151350
155,1678988288059534482
156,1678988288309878570
157,1678988288560248827
158,1678988288810614711
159,1678988289060990096
160,1678988289311383232
161,1678988289561717552
162,1678988289812109671
163,1678988290062437121
164,1678988290312882798
165,1678988290563180242
166,1678988290813578424
167,1678988291063968107
168,1678988291314310569
169,1678988291564729086
170,1678988291815039975
171,1678988292065448065
172,1678988292315822181
173,1678988292565991779
174,1678988292816379098
175,1678988293066731493
176,1678988293317112086
177,1678988293567502709
178,1678988293817851292
179,1678988294068258324
180,1678988294318584166
181,1678988294568993723
182,1678988294819341569
183,1678988295069711790
184,1678988295320098459
185,1678988295570461774
186,1678988295820856258
187,1678988296071211448
188,1678988296321578700
189,1678988296571972959
190,1678988296822293682
191,1678988297072744745
192,1678988297323079432
193,1678988297573444268
194,1678988297823815442
195,1678988298074172469
196,1678988298324566752
197,1678988298574915459
198,1678988298825302108
199,1678988299075712519
200,1678988299326016909
201,1678988299576444735
202,1678988299701789855
203,1678988299827153653
204,1678988299952568786
205,1678988300077900437
206,1678988300203295994
207,1678988300328672320
208,1678988300454016027
209,1678988300579407155
210,1678988300704782332
211,1678988300830113147
212,1678988300955527704
213,1678988301080888538
214,1678988301206254089
215,1678988301331652706
216,1678988301456989029
217,1678988301582352668
218,1678988301707756222
219,1678988301833121832
220,1678988301958134404
221,1678988302083514784
222,1678988302208877210
223,1678988302334229855
224,1678988302459614873
225,1678988302584987417
226,1678988302710332173
227,1678988302835750909
228,1678988302961094940
229,1678988303086454470
230,1678988303211854470
231,1678988303337211981
232,1678988303462574185
233,1678988303588013221
234,1678988303713360210
235,1678988303838702200
236,1678988303964102554
237,1678988304089478120
238,1678988304214822753
239,1678988304340219933
240,1678988304465573180
241,1678988304590936469
242,1678988304716339832
243,1678988304841699645
244,1678988304966902389
245,1678988305092291353
246,1678988305217631917
247,1678988305343017646
248,1678988305468388075
249,1678988305593750575
250,1678988305719097252
251,1678988305844538134
252,1678988305969894066
253,1678988306095232632
254,1678988306220634456
255,1678988306346038272
256,1678988306471381798
257,1678988306596777034
258,1678988306722106233
259,1678988306847504997
260,1678988306972872221
261,1678988307098212261
262,1678988307223608140
263,1678988307348983834
264,1678988307474352859
265,1678988307599734835
266,1678988307725106145
267,1678988307850442701
268,1678988307975858784
269,1678988308101176610
270,1678988308226537438
271,1678988308351938106
272,1678988308477312123
273,1678988308602682295
274,1678988308728063212
275,1678988308853416761
276,1678988308978768697
277,1678988309104189434
278,1678988309229540444
279,1678988309354902820
280,1678988309480297662
281,1678988309605666849
282,1678988309731003895
283,1678988309856420565
284,1678988309981777674
285,1678988310107137204
286,1678988310232554514
287,1678988310357875412
288,1678988310483228456
289,1678988310608643699
290,1678988310733987600
291,1678988310859382146
292,1678988310984782184
293,1678988311110135803
294,1678988311235497787
295,1678988311360873462
296,1678988311486225659
297,1678988311611608976
298,1678988311736973463
299,1678988311862329543
300,1678988311987733864
301,1678988312113088218
302,1678988312175482021
303,1678988312237826246
304,1678988312300268132
305,1678988312362213990
306,1678988312424642942
307,1678988312486968416
308,1678988312549350389
309,1678988312611745759
310,1678988312674096257
311,1678988312736518987
312,1678988312798831797
313,1678988312861241428
314,1678988312923603599
315,1678988312985956931
316,1678988313048352264
317,1678988313110699909
318,1678988313173078780
319,1678988313235457842
320,1678988313297820810
321,1678988313360225554
322,1678988313422560598
323,1678988313484977410
324,1678988313547352045
325,1678988313609720529
326,1678988313672102678
327,1678988313734439382
328,1678988313796852789
329,1678988313859184864
330,1678988313921592717
331,1678988313983984701
332,1678988314046321919
333,1678988314108731904
334,1678988314171077200
335,1678988314233470288
336,1678988314295842733
337,1678988314358183521
338,1678988314420584129
339,1678988314482947971
340,1678988314545341863
341,1678988314607690955
342,1678988314670469793
343,1678988314732446906
344,1678988314794776670
345,1678988314857161404
346,1678988314919542341
347,1678988314981618147
348,1678988315043937799
349,1678988315106271075
350,1678988315168673035
351,1678988315231010048
352,1678988315293403642
353,1678988315355777517
354,1678988315418155617
355,1678988315480533614
356,1678988315542871184
357,1678988315605263779
358,1678988315667639972
359,1678988315729985171
360,1678988315792016329
361,1678988315854366804
362,1678988315916767978
363,1678988315979113938
364,1678988316041489040
365,1678988316103877267
366,1678988316166231369
367,1678988316228620596
368,1678988316290947322
369,1678988316353340392
370,1678988316415724901
371,1678988316478066365
372,1678988316540478848
373,1678988316602811925
374,1678988316665212971
375,1678988316727587095
376,1678988316789937340
377,1678988316852329859
378,1678988316914686627
379,1678988316977072792
380,1678988317039444771
381,1678988317101790703
382,1678988317164184218
383,1678988317226524886
384,1678988317288943599
385,1678988317351284239
386,1678988317413662884
387,1678988317476042911
388,1678988317538400742
389,1678988317600809315
390,1678988317663126208
391,1678988317725517479
392,1678988317787904553
393,1678988317850241401
394,1678988317912659474
395,1678988317975030143
396,1678988318037368182
397,1678988318099770522
398,1678988318162110625
399,1678988318224530165
400,1678988318286859849
401,1678988318349254953
402,1678988318380647676
403,1678988318412017352
404,1678988318443373967
405,1678988318474728053
406,1678988318506095913
407,1678988318537466375
408,1678988318568676648
409,1678988318600059784
410,1678988318631403578
411,1678988318662739855
412,1678988318694130457
413,1678988318725502291
414,1678988318756879163
415,1678988318788264745
416,1678988318819631117
417,1678988318850963706
418,1678988318882346943
419,1678988318913727969
420,1678988318945105899
421,1678988318976499943
422,1678988319007859503
423,1678988319039201005
424,1678988319070578065
425,1678988319101579975
426,1678988319132981792
427,1678988319164360478
428,1678988319195734283
429,1678988319227074285
430,1678988319258451674
431,1678988319289820252
432,1678988319321251650
433,1678988319352651873
434,1678988319384026935
435,1678988319415382746
436,1678988319446743307
437,1678988319478131214
438,1678988319509554728
439,1678988319540936467
440,1678988319572303154
441,1678988319603667547
442,1678988319635016789
443,1678988319666381400
444,1678988319697763928
445,1678988319729159407
446,1678988319760533045
447,1678988319791919502
448,1678988319822889341
449,1678988319854246073
450,1678988319885624150
451,1678988319917027955
452,1678988319948431400
453,1678988319979813048
454,1678988320011132015
455,1678988320042507846
456,1678988320073884421
457,1678988320105269670
458,1678988320136645527
459,1678988320168040885
460,1678988320199400986
461,1678988320230745853
462,1678988320262132915
463,1678988320293498957
464,1678988320324884322
465,1678988320356256630
466,1678988320387647002
467,1678988320418993924
468,1678988320450367837
469,1678988320481742046
470,1678988320513101969
471,1678988320544480962
472,1678988320575855642
473,1678988320607219398
474,1678988320638603663
475,1678988320669958411
476,1678988320701324760
477,1678988320732718113
478,1678988320764065414
479,1678988320795457030
480,1678988320826824950
481,1678988320858196776
482,1678988320889570047
483,1678988320920968489
484,1678988320952351842
485,1678988320983715854
486,1678988321015093587
487,1678988321046463497
488,1678988321077841215
489,1678988321109207094
490,1678988321140587458
491,1678988321171951364
492,1678988321203308991
493,1678988321234678064
494,1678988321266052971
495,1678988321297421724
496,1678988321328790365
497,1678988321360167109
498,1678988321391543461
499,1678988321422916404
500,1678988321454279692
501,1678988321485662162
502,1678988321501036464
503,1678988321516426724
504,1678988321531803864
505,1678988321547156975
506,1678988321562142592
507,1678988321577181448
508,1678988321592584101
509,1678988321607954121
510,1678988321623309061
511,1678988321638372750
512,1678988321653718626
513,1678988321669143619
514,1678988321684513635
515,1678988321699881654
516,1678988321714412121
517,1678988321729417225
518,1678988321744820521
519,1678988321760187514
520,1678988321775555003
521,1678988321790923300
522,1678988321805911463
523,1678988321821186296
524,1678988321836578140
525,1678988321851941018
526,1678988321867307329
527,1678988321882271226
528,1678988321897288729
529,1678988321912704594
530,1678988321928067978
531,1678988321943413112
532,1678988321958407722
533,1678988321973417955
534,1678988321988825818
535,1678988322004195976
536,1678988322019551906
537,1678988322034920803
538,1678988322049932721
539,1678988322065182325
540,1678988322080575092
541,1678988322095935742
542,1678988322111269180
543,1678988322126287208
544,1678988322141293983
545,1678988322156702173
546,1678988322172059301
547,1678988322187442338
548,1678988322202395013
549,1678988322217433893
550,1678988322232836728
551,1678988322248206781
552,1678988322263591546
553,1678988322278927457
554,1678988322293924289
555,1678988322309175100
556,1678988322324569432
557,1678988322339930979
558,1678988322355263599
559,1678988322370264301
560,1678988322385308204
561,1678988322400700789
562,1678988322416064762
563,1678988322431416543
564,1678988322446390841
565,1678988322461438622
566,1678988322476829669
567,1678988322492190666
568,1678988322507542058
569,1678988322522923064
570,1678988322537905816
571,1678988322553182156
572,1678988322568581493
573,1678988322583945042
574,1678988322599281255
575,1678988322614286718
576,1678988322629308422
577,1678988322644717043
578,1678988322660066534
579,1678988322675436294
580,1678988322690425232
581,1678988322705435549
582,1678988322720854114
583,1678988322736227859
584,1678988322751573513
585,1678988322766912563
586,1678988322781941371
587,1678988322797180439
588,1678988322812569723
589,1678988322827937018
590,1678988322843286518
591,1678988322858289789
592,1678988322873289751
593,1678988322888700717
594,1678988322904071515
595,1678988322919435152
596,1678988322934388903
597,1678988322949429190
598,1678988322964826830
599,1678988322980190128
600,1678988322995545851
601,1678988323010942618
602,1678988323017948815
603,1678988323025187591
604,1678988323032579615
605,1678988323039929881
606,1678988323047306374
607,1678988323054298611
608,1678988323061286632
609,1678988323068695063
610,1678988323076073253
611,1678988323083438467
612,1678988323090414683
613,1678988323097418041
614,1678988323104821229
615,1678988323112193848
616,1678988323119555237
617,1678988323126901740
618,1678988323133909968
619,1678988323141180648
620,1678988323148565829
621,1678988323155936985
622,1678988323163280363
623,1678988323170274032
624,1678988323177291725
625,1678988323184710228
626,1678988323192099028
627,1678988323199429585
628,1678988323206405633
629,1678988323213432492
630,1678988323220845509
631,1678988323228199552
632,1678988323235551395
633,1678988323242909364
634,1678988323249919207
635,1678988323257184802
636,1678988323264566238
637,1678988323271932414
638,1678988323279298073
639,1678988323286286205
640,1678988323293291990
641,1678988323300724986
642,1678988323308064828
643,1678988323315423865
644,1678988323322396139
645,1678988323329430886
646,1678988323336830798
647,1678988323344210549
648,1678988323351573122
649,1678988323358922022
650,1678988323365914737
651,1678988323373164370
652,1678988323380558924
653,1678988323387922244
654,1678988323395277847
655,1678988323402278863
656,1678988323409281494
657,1678988323416685473
658,1678988323424087039
659,1678988323431432587
660,1678988323438407096
661,1678988323445415087
662,1678988323452827414
663,1678988323460181490
664,1678988323467581987
665,1678988323474923028
666,1678988323481907275
667,1678988323489171574
668,1678988323496567565
669,1678988323503924888
670,1678988323511289977
671,1678988323518287080
672,1678988323525313605
673,1678988323532682705
674,1678988323540046844
675,1678988323547456032
676,1678988323554422654
677,1678988323561438653
678,1678988323568666383
679,1678988323576019222
680,1678988323583405547
681,1678988323590459927
682,1678988323597377727
683,1678988323605200022
684,1678988323612583999
685,1678988323620010792
686,1678988323627008439
687,1678988323634014667
688,1678988323641196441
689,1678988323648557466
690,1678988323655929086
691,1678988323663314018
692,1678988323670298826
693,1678988323677295985
694,1678988323684684120
695,1678988323692062710
696,1678988323699417195
697,1678988323706412427
698,1678988323713421686
699,1678988323720797247
700,1678988323728176533
701,1678988323735574068
702,1678988323738919440
703,1678988323741894142
704,1678988323745147592
705,1678988323748531472
706,1678988323751921997
707,1678988323755230607
708,1678988323758640571
709,1678988323761592808
710,1678988323765055102
711,1678988323768401787
712,1678988323771764931
713,1678988323775123937
714,1678988323778496615
715,1678988323781477652
716,1678988323784920941
717,1678988323788287804
718,1678988323791656698
719,1678988323795012962
720,1678988323798003847
721,1678988323801021836
722,1678988323804427687
723,1678988323807790962
724,1678988323811149105
725,1678988323814504231
726,1678988323817485627
727,1678988323820927991
728,1678988323824288290
729,1678988323827657024
730,1678988323831013882
731,1678988323834008543
732,1678988323837007050
733,1678988323840410600
734,1678988323843794915
735,1678988323847176170
736,1678988323850530289
737,1678988323853501763
738,1678988323856908844
739,1678988323860302607
740,1678988323863683388
741,1678988323867051642
742,1678988323870016813
743,1678988323873006118
744,1678988323876420793
745,1678988323879795566
746,1678988323883159368
747,1678988323886539362
748,1678988323889490291
749,1678988323892903889
750,1678988323896335512
751,1678988323899692990
752,1678988323903068803
753,1678988323906023612
754,1678988323909020647
755,1678988323912444430
756,1678988323915861284
757,1678988323919207573
758,1678988323922575511
759,1678988323925539303
760,1678988323928962733
761,1678988323932335151
762,1678988323935716430
763,1678988323939088322
764,1678988323942043057
765,1678988323945038438
766,1678988323948465581
767,1678988323951826796
768,1678988323955192649
769,1678988323958568263
770,1678988323961518662
771,1678988323964948958
772,1678988323968341774
773,1678988323971694845
774,1678988323975057645
775,1678988323978053816
776,1678988323981059917
777,1678988323984486112
778,1678988323987857678
779,1678988323991211494
780,1678988323994574417
781,1678988323997566561
782,1678988324000974398
783,1678988324004338697
784,1678988324007700282
785,1678988324011072144
786,1678988324014043222
787,1678988324017044486
788,1678988324020466183
789,1678988324023834566
790,1678988324027206748
791,1678988324030169659
792,1678988324033165308
793,1678988324036643807
794,1678988324039988518
795,1678988324043395981
796,1678988324046766253
797,1678988324049742269
798,1678988324053133242
799,1678988324056528952
800,1678988324059893776
801,1678988324063251258
802,1678988324063352448
803,1678988324064349396
804,1678988324065349901
805,1678988324066355521
806,1678988324067361073
807,1678988324068364258
808,1678988324069367010
809,1678988324070370250
810,1678988324071373418
811,1678988324072375460
812,1678988324073378534
813,1678988324074381436
814,1678988324075400843
815,1678988324076389489
816,1678988324077390748
817,1678988324078405221
818,1678988324079396541
819,1678988324080399213
820,1678988324081402344
821,1678988324082403253
822,1678988324083408671
823,1678988324084411696
824,1678988324085411858
825,1678988324086416892
826,1678988324087420260
827,1678988324088423245
828,1678988324089426065
829,1678988324090429072
830,1678988324091432223
831,1678988324092434931
832,1678988324093439124
833,1678988324094441493
834,1678988324095444220
835,1678988324096446808
836,1678988324097450272
837,1678988324098451039
838,1678988324099456039
839,1678988324100458886
840,1678988324101461815
841,1678988324102479271
842,1678988324103468551
843,1678988324104471040
844,1678988324105471870
845,1678988324106476737
846,1678988324107480074
847,1678988324108483419
848,1678988324109485749
849,1678988324110488693
850,1678988324111492199
851,1678988324112494706
852,1678988324113497818
853,1678988324114500634
854,1678988324115503975
855,1678988324116506774
856,1678988324117509737
857,1678988324118513050
858,1678988324119515701
859,1678988324120518857
860,1678988324121522495
861,1678988324122525274
862,1678988324123529716
863,1678988324124531702
864,1678988324125534425
865,1678988324126537538
866,1678988324127540549
867,1678988324128544418
868,1678988324129546883
869,1678988324130549471
870,1678988324131553794
871,1678988324132556351
872,1678988324133559503
873,1678988324134563006
874,1678988324135565711
875,1678988324136568976
876,1678988324137572494
877,1678988324138576203
878,1678988324139580288
879,1678988324140581607
880,1678988324141584233
881,1678988324142587225
882,1678988324143590005
883,1678988324144593580
884,1678988324145596779
885,1678988324146599955
886,1678988324147602858
887,1678988324148606265
888,1678988324149609176
889,1678988324150611635
890,1678988324151614450
891,1678988324152617693
892,1678988324153621616
893,1678988324154623979
894,1678988324155630339
895,1678988324156633390
896,1678988324157636090
897,1678988324158639187
898,1678988324159642624
899,1678988324160645409
900,1678988324161648706
901,1678988324162662948
902,1678988324163665966
903,1678988324164668807
904,1678988324165672063
905,1678988324166675136
906,1678988324167679164
907,1678988324168680359
908,1678988324169683438
909,1678988324170686524
910,1678988324171689598
911,1678988324172691155
912,1678988324173695184
913,1678988324174698070
914,1678988324175700908
915,1678988324176703722
916,1678988324177706916
917,1678988324178709580
918,1678988324179712789
919,1678988324180715939
920,1678988324181718960
921,1678988324182722048
922,1678988324183726206
923,1678988324184727251
924,1678988324185730736
925,1678988324186733591
926,1678988324187736464
927,1678988324188738270
928,1678988324189741974
929,1678988324190745099
930,1678988324191751438
931,1678988324192754518
932,1678988324193757730
933,1678988324194760556
934,1678988324195764852
935,1678988324196766812
936,1678988324197770030
937,1678988324198772592
938,1678988324199776734
939,1678988324200778775
940,1678988324201781949
941,1678988324202784342
942,1678988324203790654
943,1678988324204791340
944,1678988324205793552
945,1678988324206796546
946,1678988324207799241
947,1678988324208802248
948,1678988324209805378
949,1678988324210807971
950,1678988324211810893
951,1678988324212814221
952,1678988324213816908
953,1678988324214821153
954,1678988324215822419
955,1678988324216825133
956,1678988324217828208
957,1678988324218831274
958,1678988324219834294
959,1678988324220836774
960,1678988324221839997
961,1678988324222843249
962,1678988324223845779
963,1678988324224849189
964,1678988324225851916
965,1678988324226854759
966,1678988324227857792
967,1678988324228860722
968,1678988324229864639
969,1678988324230866564
970,1678988324231869504
971,1678988324232872658
972,1678988324233875432
973,1678988324234878108
974,1678988324235881284
975,1678988324236883754
976,1678988324237886754
977,1678988324238889567
978,1678988324239893050
979,1678988324240895788
980,1678988324241899016
981,1678988324242901798
982,1678988324243904803
983,1678988324244909093
984,1678988324245910330
985,1678988324246913366
986,1678988324247916247
987,1678988324248918688
988,1678988324249922188
989,1678988324250924690
990,1678988324251927976
991,1678988324252931318
992,1678988324253934311
993,1678988324254937236
994,1678988324255940576
995,1678988324256943096
996,1678988324257945887
997,1678988324258949825
998,1678988324259953789
999,1678988324260955614
